city,city_population,n_watersheds,n_other_cities,dependent_population,watershed_area_sqkm,storage_BCM,yield_BCM,irr_cons_BCM,n_climate_zones,n_transfers_in,n_transfers_out,n_transfers_within,n_hydro_plants,n_thermal_plants,hydro_gen_MWh,thermal_gen_MWh,thermal_cons_BCM,thermal_with_BCM,n_utilities,n_ba,n_crop_classes,cropland_fraction,developed_fraction,n_economic_sectors,max_withdr_dist_km,avg_withdr_dis_km
Abilene | TX,122999,5,2,243567,66562235964.923355,2.75520700728,0.46590422708333334,0.677320684967383,3,4,11,0,0,8,0,6682069.905137421,0.00914933597,0.01267733809,7,2,8,0.2116937802429164,0.05300399643702634,12,106.31698727090885,48.597205900040294
Akron | OH,198006,1,1,198006,757039082.138828,0.0402777968892,0.11647375056818182,0,2,0,0,0,0,0,0,0,0,0,0,0,7,0.1371289729445758,0.17513790386130812,12,17.583538887252388,17.583538887252388
Albany | NY,97279,2,1,97279,143752420.01468945,0.0483709182,0.17456488522727276,0,1,0,0,0,0,0,0,0,0,0,0,0,5,0.09457831325301205,0.0537483266398929,7,29.38001608367727,26.234957352089076
Albuquerque | NM,560218,1,2,644830,44326366900.526474,2.4188018447652,2.1119225392045453,1.4184974744230172,7,7,3,4,4,0,57105.06,0,0,0,0,0,7,0.03894156524839323,0.016245734813416856,12,12.85918060965946,12.85918060965946
Amarillo | TX,199924,1,2,455809,50943564873.48818,1.7396245920108,0.32581254346590904,0.5656981354383647,6,3,0,0,0,3,0,8893715,0.023730735290000003,0.03468949724,1,1,9,0.04548197385642671,0.013016095738856164,12,60.89803194338632,60.89803194338632
Ann Arbor | MI,121890,1,1,121890,1608612424.5502825,0.03433638276,0.21070165426136367,0,2,0,0,0,1,0,0,0,0,0,0,0,9,0.1846299065878834,0.28006472650599457,13,2.2555429277061823,2.2555429277061823
Antioch | CA,111535,4,21,11329230,55332722986.47188,31.99754926152,10.43361890826823,15.730730824631614,9,0,2,61,82,12,10956874.92,8113908.892880388,0.00626863896,0.06570714678,12,3,10,0.21787698329174676,0.054985017489046883,13,313.28498535638386,91.16125813544319
Appleton | WI,74526,1,1,74526,15311142843.233856,3.15528377832,4.1031564675958805,0,2,0,0,0,10,2,101880.69,443988.82,3.3690149e-4,0.00218796698,2,1,10,0.31289223967562846,0.07282574175932591,13,6.271183225116373,6.271183225116373
Asheville | NC,92452,3,1,92452,281587155.88981986,0,0.17631070795454545,0,3,0,0,0,0,0,0,0,0,0,0,0,4,0.021551236082279674,0.040384978297792036,7,22.436168795320686,17.936593957632184
Athens | GA,125964,3,2,624008,7322524879.566781,2.4195175962048,2.837510658771307,0,2,0,0,0,3,1,187021.01,3116156,0.0081007774,0.0118483333,1,1,8,0.01797272698528847,0.3601350852865142,13,133.9544644671191,46.76372368206215
Atlanta | GA,498044,1,1,498044,4109242554.6024256,2.3973266989344,1.9485257123579547,0,2,0,0,0,2,0,181531.13,0,0,0,0,0,7,0.009446809423219207,0.3660531423240652,13,10.79875786565482,10.79875786565482
Atlantic City | NJ,37804,1,1,37804,57904764.31187153,0.0018687222,0.06974277121212122,0,2,0,0,0,0,0,0,0,0,0,0,0,4,0.0019027849852966616,0.581733264141152,10,9.119298112132471,9.119298112132471
Augusta-Richmond | GA,196939,1,2,265502,18585948691.86096,14.6898449287632,6.659667572884114,0,3,0,0,0,15,2,1788590.78,13853301.19325295,0.01399844618,2.2618581832,2,2,8,0.03044892710052246,0.11141801989603241,13,7.753602304774507,7.753602304774507
Aurora | CO,374114,7,4,1675044,19041451696.646454,1.51151502636,0.9950885570075758,0.0014438970352614602,6,7,1,4,8,1,85477.31999999999,266883,6.8894462e-4,0.00101070447,1,1,7,0.009984558604672324,0.02003105819876699,13,198.0588263723807,93.69551910407641
Austin | TX,964254,1,3,1207821,97194748547.75795,6.4737924725292,1.9287004643821022,0.6764834590231351,3,3,11,0,6,10,227513,7425959.618424134,0.00982313895,0.11094658169,9,2,8,0.1451630968743465,0.052090393585128764,13,3.5032357466202773,3.5032357466202773
Bakersfield | CA,383579,3,14,7808780,8888581642.077541,3.73936739532,1.5219626684185608,0.23758817447984726,8,0,0,0,11,0,742765.31,0,0,0,0,0,9,0.027353961917563795,0.03021098176721447,12,679.961301995799,346.79674663192804
Baltimore | MD,602495,3,6,877229,71248277801.96883,3.5444179288968,16.845204381522993,0,3,1,1,0,12,15,3888532,54159775.079,0.09772792997,3.9425650815599997,14,1,9,0.17357461210003128,0.08983643721301295,13,56.261979146097865,32.698545229091906
Barnstable | MA,44460,NA,NA,NA,NA,NA,NA,NA,NA,NA,NA,NA,NA,NA,NA,NA,NA,NA,NA,NA,NA,NA,NA,NA,NA,NA
Baton Rouge | LA,221599,NA,NA,NA,NA,NA,NA,NA,NA,NA,NA,NA,NA,NA,NA,NA,NA,NA,NA,NA,NA,NA,NA,NA,NA,NA
Beaumont | TX,118428,1,3,279175,25859313715.63987,4.4945010389856,4.279310512251421,1.8135969849659463e-4,1,3,2,28,2,4,109323.56,5807360,0.00908876941,0.43216511806,4,2,8,0.0042109749751183725,0.09550698166740283,12,25.0206299495874,25.0206299495874
Berkeley | CA,121643,2,2,550725,1712536057.4532819,0.35979994860000003,0.4557899728219697,0.001977762523680482,4,0,0,0,7,0,1023739.75,0,0,0,0,0,4,2.980752853006302e-4,0.029320875003041584,11,115.37208912312617,61.32296494015316
Billings | MT,109550,1,1,109550,30714655752.117283,0.12693495984,2.42335112804214,0.21103170095847257,6,1,2,0,7,1,58844.439999999995,1024555,9.6906496e-4,0.14097623922,1,1,10,0.05721929196674571,0.012670761676052132,12,5.0957909988558585,5.0957909988558585
Binghamton | NY,44785,1,1,44785,10122544522.96094,0.49554441026519996,2.398985237079782,0,1,0,0,0,1,1,5548.2,494692,4.6560543000000003e-4,0.06806545721,1,0,7,0.15318124084025403,0.06032828529555447,12,5.262501583416897,5.262501583416897
Birmingham | AL,209880,4,1,209880,3234242982.4995003,1.7563806777228002,1.4321397429214016,0,1,0,0,0,1,0,246593,0,0,0,0,0,9,0.014579780299084636,0.10470345142172431,11,43.934360598126716,27.606150791457573
Boise | ID,228790,1,1,228790,7034920752.5397,1.29458413224,1.8379953566879732,1.0492073582303565e-4,5,0,0,0,7,0,536832.64,0,0,0,0,0,6,0.003750696617062014,0.0036389619991944074,11,7.305253636436389,7.305253636436389
Boston | MA,694583,3,2,880460,1070396006.3125472,2.2951614483312,0.5347001434659091,0,1,1,1,0,2,0,13816.82,0,0,0,0,0,6,0.02695842611173727,0.08865491931715094,12,106.37416970930072,80.45524658889198
Boulder | CO,107353,8,4,1464363,4275340213.607147,4.046712003396,1.1775531380681818,0.01198712753836005,5,2,4,0,7,0,351111.51,0,0,0,0,0,4,6.014434643143544e-4,0.026957555275518387,12,92.45996158250165,40.07719781578406
Bremerton | WA,41235,1,0,0,12787314.695782661,0.005057268,0.08316219242424241,0,1,0,0,0,0,0,0,0,0,0,0,0,1,0.0039656311962987445,0.07732980832782552,5,12.61379083861377,12.61379083861377
Bridgeport | CT,144900,6,1,144900,233827637.16925025,0.14998006668,0.5211191106060606,0,2,0,0,0,0,0,0,0,0,0,0,0,4,0.019305178233308636,0.21622622869844407,10,14.220076849433033,11.14416844909517
Brooksville | FL,8298,NA,NA,NA,NA,NA,NA,NA,NA,NA,NA,NA,NA,NA,NA,NA,NA,NA,NA,NA,NA,NA,NA,NA,NA,NA
Brownsville | TX,183392,1,5,1772530,429947674828.85693,16.5342450370836,5.579226035026041,5.951082525148478,12,14,7,9,8,6,288256.87,5098126.62,0.01198460806,0.01732582157,4,4,9,0.013855312481980773,0.016357074449689684,12,181.94454530771478,181.94454530771478
Buffalo | NY,256304,1,19,6394408,683735914925.5853,352.67065980349196,94.03067662862881,0,2,6,5,54,131,94,2273115.1252943,193344500.2212556,0.24837967715,21.09156636505,67,3,10,0.2587792074691759,0.12137325148794147,13,28.053597259121883,28.053597259121883
Burlington | VT,42899,1,1,42899,21446743589.928116,6.213027634010401,11.35485034539388,0,2,0,0,0,59,1,822551.123727,1403205,0.00104855857,0.00134003514,1,1,7,0.13360417068105424,0.05736486841567451,13,68.90040886375381,68.90040886375381
Canton | OH,70458,NA,NA,NA,NA,NA,NA,NA,NA,NA,NA,NA,NA,NA,NA,NA,NA,NA,NA,NA,NA,NA,NA,NA,NA,NA
Cape Coral | FL,189343,NA,NA,NA,NA,NA,NA,NA,NA,NA,NA,NA,NA,NA,NA,NA,NA,NA,NA,NA,NA,NA,NA,NA,NA,NA
Cedar Rapids | IA,133174,1,2,200972,16760825550.215252,0.0633843310332,0.4703970811138732,0,2,0,0,0,4,8,7394,7987421.054,0.01738638813,0.0342958146,6,1,8,0.7800538878089827,0.07837539103843978,13,0.593343191322334,0.593343191322334
Champaign | IL,88029,NA,NA,NA,NA,NA,NA,NA,NA,NA,NA,NA,NA,NA,NA,NA,NA,NA,NA,NA,NA,NA,NA,NA,NA,NA
Charleston | WV,47215,1,1,47215,3995397563.3157415,0.0791356239372,0.6176128043087121,0,3,0,0,0,0,0,0,0,0,0,0,0,5,0.017904523192767925,0.06733138967835307,12,0.3510303735638525,0.3510303735638525
Charlotte | NC,872498,1,4,1084577,4875177484.838469,2.7301599624,1.9813743122632579,0,3,0,0,0,6,3,546288.01,23312995.5,0.02265567885,3.46631507864,1,1,8,0.045669119675384194,0.17629850772831224,12,17.065884943336236,17.065884943336236
Chattanooga | TN,180557,1,4,527287,55343024209.33986,15.16306726116,21.795520638778413,0,4,0,0,0,41,9,7863361.382,44212284.632,0.07827092257,3.05389844455,5,4,8,0.03841502588344568,0.1180154788363844,13,1.6051403807933404,1.6051403807933404
Chicago | IL,2705994,1,8,3892524,176351525672.11462,6.715791269676,31.754754206443096,0,2,4,5,27,88,48,1234261.0152943,83085321.80852039,0.09998781974,9.93110262861,39,2,10,0.25465477322724095,0.11823963576287418,13,494.9292041475365,494.9292041475365
Cincinnati | OH,302605,1,6,1654407,197919633668.08456,9.3213174771936,44.16226883233236,0,4,0,3,11,35,67,3401951.521692,282112051.09889686,0.6045867581500001,11.23196256052,40,4,8,0.13729754269961367,0.10954678839119954,13,3.795977100500007,3.795977100500007
Clarksville | TN,156794,1,3,967191,37365304374.82235,6.9508987374107996,13.947269401879144,0,4,0,0,0,9,4,2567892.94,9959314.73,0.00942188549,1.36941749242,4,2,8,0.07254425396378157,0.10873641390248698,13,4.5564197630354135,4.5564197630354135
Cleveland | OH,383793,1,19,6394408,683735914925.5853,352.67065980349196,94.03067662862881,0,2,6,5,54,131,94,2273115.1252943,193344500.2212556,0.24837967715,21.09156636505,67,3,10,0.2587792074691759,0.12137325148794147,13,281.06519491042417,281.06519491042417
Colorado Springs | CO,472688,10,3,958552,13634324502.287539,1.28854131372,1.1205035749526515,0.0014446385315526305,6,5,3,2,10,3,105394.01,2033058,0.0052806469500000005,0.00772980722,2,2,7,0.013927019536598653,0.029961941292892667,13,183.61682817014065,96.39572187364519
Columbia | SC,133451,1,3,239658,20307129736.10041,11.4274147622256,6.88268768671875,0,2,0,0,0,23,5,463477.081429,19873576.293158364,0.04299090137,0.76807104523,3,3,9,0.03625604393935779,0.15533710485272204,13,1.913896088381883,1.913896088381883
Columbus | OH,892533,2,1,892533,3412954435.6782107,0.119877789042,0.3964212066051136,0,2,0,0,0,1,0,6026.56,0,0,0,0,0,7,0.6556471046165091,0.12034360115643004,13,17.969259611162006,13.361735373386018
Concord | CA,129688,6,14,7808780,2689588291.0814743,3.24579407376,1.158629015033144,0.23039602786340196,5,0,0,0,4,1,404906.5,523848.422907489,3.8989723e-4,4.9967412e-4,1,1,9,0.08377064522606972,0.06708396009442148,12,311.45588237247097,69.95195725479297
Concord | NC,94130,4,4,1084577,5117515398.719591,2.730194006448,2.2335128319602275,0,3,0,0,0,6,3,546288.01,23312995.5,0.02265567885,3.46631507864,1,1,8,0.04836626767212726,0.1819059434237881,12,38.57439904719926,16.606819190385984
Corpus Christi | TX,326554,2,1,326554,46389923825.99702,1.2790860481103998,1.098831890648674,0.18633346701993597,2,2,4,11,0,2,0,2738155,0.00713171244,0.010432589959999999,2,1,10,0.05901019816363277,0.054018816721772514,12,145.21557354374025,98.67381390731563
Dallas | TX,1345047,4,1,1345047,12524875049.228962,5.1686135735208,2.2343105327414774,0.0012261042913239808,1,0,0,0,1,5,4120.38,1002169.82,9.5392332e-4,0.0371727262,3,1,8,0.12433220356533002,0.17207345604571678,12,119.18435817867297,63.255945929305184
Danbury | CT,84730,2,1,84730,25950699.749388456,0.0050171799,0.1493847621212121,0,2,0,0,0,0,0,0,0,0,0,0,0,4,0.0068198133524766695,0.39375448671931085,8,3.3555954659271796,2.2763136668247923
Davenport | IA,102085,1,3,835183,229666272037.37442,11.192322083915998,31.031375680045944,0,2,1,0,24,88,37,2176877.775727,73530234.90332113,0.12977142562,5.29501258095,23,2,10,0.3851834125726185,0.07080310449611929,13,1.3069219944546182,1.3069219944546182
Dayton | OH,140640,NA,NA,NA,NA,NA,NA,NA,NA,NA,NA,NA,NA,NA,NA,NA,NA,NA,NA,NA,NA,NA,NA,NA,NA,NA
Deltona | FL,91951,NA,NA,NA,NA,NA,NA,NA,NA,NA,NA,NA,NA,NA,NA,NA,NA,NA,NA,NA,NA,NA,NA,NA,NA,NA
Denver | CO,716492,7,3,1563294,9162960584.699791,0.7449109067999999,0.9596490711647727,0.007829545401629731,5,3,3,4,4,0,33110.7,0,0,0,0,0,3,9.699616414006697e-5,0.01920524049973326,12,98.49950878962912,57.19530277804451
Des Moines | IA,216853,2,1,216853,25811922035.21721,0.31612907025720005,1.0753853149562025,0.028302390909260875,1,0,0,2,0,1,0,51138,1.3248935e-4,1.9305591e-4,1,1,9,0.8106818361320763,0.060195835061443125,13,6.319241276170016,4.7213137537017875
Detroit | MI,672662,1,19,6394408,683735914925.5853,352.67065980349196,94.03067662862881,0,2,6,5,54,131,94,2273115.1252943,193344500.2212556,0.24837967715,21.09156636505,67,3,10,0.2587792074691759,0.12137325148794147,13,337.7302286836162,337.7302286836162
Duluth | MN,85884,1,1,85884,209918173524.13162,2.21410400088,11.69683681431256,0,1,0,1,0,16,11,457141.1,7408277.76,0.007415618190000001,0.98617122779,9,1,10,0.014017000883816022,0.04749739737103831,13,588.212193847153,588.212193847153
Durham | NC,274291,3,2,569013,5067374642.3351965,0.275997564096,1.0251387977509472,0,1,0,0,0,4,1,19555.6,82114.04800000001,2.1198296e-4,3.1040362e-4,1,1,8,0.08990065696306312,0.205032102814187,12,42.01736461211145,24.040253997266497
El Paso | TX,682669,1,3,1327499,85815376714.58148,7.869865994676,2.858411553918087,1.9352775655598795,11,7,3,4,5,3,98755.37,2556494.62,0.00527307613,0.0076086741,2,2,8,0.02575395579826521,0.02013007889756725,12,12.892025191873163,12.892025191873163
Elkhart | IN,52367,NA,NA,NA,NA,NA,NA,NA,NA,NA,NA,NA,NA,NA,NA,NA,NA,NA,NA,NA,NA,NA,NA,NA,NA,NA
Erie | PA,96471,1,19,6394408,683735914925.5853,352.67065980349196,94.03067662862881,0,2,6,5,54,131,94,2273115.1252943,193344500.2212556,0.24837967715,21.09156636505,67,3,10,0.2587792074691759,0.12137325148794147,13,136.63988959075314,136.63988959075314
Eugene | OR,171245,1,1,171245,2939892489.078186,0.38245527576,2.262715938358191,4.951039946076554e-6,5,0,0,0,4,0,468325.88,0,0,0,0,0,7,0.0017792376650927256,0.01089701602943237,10,15.292578964535979,15.292578964535979
Evansville | IN,117963,1,9,2716268,277358021680.8653,14.055574636994399,63.83508937820767,0,4,3,2,41,43,97,4447416.141692,417653867.4518969,0.88704269612,17.32893317702,56,7,9,0.1772340770263407,0.10645046451208844,13,2.3350859693074786,2.3350859693074786
Fairfield | CA,116884,2,10,6990006,12393215165.039022,8.4517844718972,3.7069094443418558,0.7481789093247715,4,2,3,7,24,5,4287219.51,510074.592,0.00182456762,0.00224474813,3,2,9,0.06538543536991202,0.023634794948583077,12,150.48762914184076,91.53700481852627
Fargo | ND,124844,1,1,124844,17563882997.44269,1.4701826904144,0.7902461390625,0,2,0,0,0,5,0,71455.64,0,0,0,0,0,10,0.6526593872570521,0.04797498042042448,12,9.723552535516744,9.723552535516744
Fayetteville | NC,209468,2,4,890797,11460599464.579851,0.28861187066399996,1.6603847000887784,0,1,0,0,0,9,3,26511.6,7914890.813326302,0.02010809792,0.032914139950000004,3,2,9,0.0876248579460494,0.17128122457388562,13,2.4487244935979615,1.6184885167709693
Flint | MI,95943,1,19,6394408,683735914925.5853,352.67065980349196,94.03067662862881,0,2,6,5,54,131,94,2273115.1252943,193344500.2212556,0.24837967715,21.09156636505,67,3,10,0.2587792074691759,0.12137325148794147,13,377.46871059001506,377.46871059001506
Fort Collins | CO,167830,7,4,1464363,6859342654.143988,4.150647495156001,1.1595964194128787,0.01198712753836005,4,4,7,2,7,0,334428.7,0,0,0,0,0,4,0.0013593085927297765,0.01997857159816701,12,132.09712108520236,55.060536641401036
Fort Smith | AR,87845,2,1,87845,1407945491.5607781,0.0182801736,0.13687121728219698,1.8123501286523446e-5,1,0,0,0,1,0,-1201.49,0,0,0,0,0,4,6.497825139703241e-4,0.04043940586944723,9,37.912897464146745,23.77116522793079
Fort Walton Beach | FL,22284,NA,NA,NA,NA,NA,NA,NA,NA,NA,NA,NA,NA,NA,NA,NA,NA,NA,NA,NA,NA,NA,NA,NA,NA,NA
Fort Wayne | IN,267633,1,1,267633,2864679871.732691,0.0581332833252,0.22917688522727275,0,2,0,0,0,0,0,0,0,0,0,0,0,8,0.5322160135977021,0.10301236567208458,11,2.8319301968293047,2.8319301968293047
Fort Worth | TX,895008,4,1,895008,14179575663.2563,2.069174233038,1.2887068904119316,0.001265518317231267,1,0,0,2,0,4,0,6168547.0780428965,0.00461062938,0.0063443471599999995,3,1,9,0.1072620346638922,0.1044151419798513,13,144.92495933543125,75.83661661798656
Frederick | MD,72146,3,2,112351,26882941627.34837,0.3295040269368,2.6619313384469696,0,2,0,0,0,11,4,31477.32,12663394,0.026619003119999998,0.54757469814,4,1,7,0.1677059273240672,0.09301953268653618,13,18.934959950894328,9.278295618814797
Fresno | CA,530093,2,1,530093,8321496086.406753,4.8899957772,1.8783689322561554,0.009396290064493707,5,0,0,0,25,0,5032127.6,0,0,0,0,0,3,9.101000597333279e-5,0.003846775041210869,10,41.09673145331704,35.369050008902136
Gainesville | FL,133857,NA,NA,NA,NA,NA,NA,NA,NA,NA,NA,NA,NA,NA,NA,NA,NA,NA,NA,NA,NA,NA,NA,NA,NA,NA
Gastonia | NC,77024,1,4,1084577,4875177484.838469,2.7301599624,1.9813743122632579,0,3,0,0,0,6,3,546288.01,23312995.5,0.02265567885,3.46631507864,1,1,8,0.045669119675384194,0.17629850772831224,12,18.93265969765899,18.93265969765899
Grand Rapids | MI,200217,1,8,3892524,176351525672.11462,6.715791269676,31.754754206443096,0,2,4,5,27,88,48,1234261.0152943,83085321.80852039,0.09998781974,9.93110262861,39,2,10,0.25465477322724095,0.11823963576287418,13,326.70793715728075,326.70793715728075
Green Bay | WI,104879,1,8,3892524,176351525672.11462,6.715791269676,31.754754206443096,0,2,4,5,27,88,48,1234261.0152943,83085321.80852039,0.09998781974,9.93110262861,39,2,10,0.25465477322724095,0.11823963576287418,13,294.35840475915717,294.35840475915717
Greensboro | NC,294722,5,2,541050,12987464972.662907,0.9402358692048002,2.6390049856178983,0,3,0,0,0,6,3,901054.1799999999,1663947.8221476509,0.0015671597400000001,0.17985239992000002,3,1,8,0.12366243555863622,0.14798019854771577,12,152.198383677087,63.78309159603625
Greenville | SC,68563,3,1,68563,1413732149.1731672,6.4884591664692,0.9999938735321968,0,2,0,0,0,3,1,54480.38,13470716.533543332,0.01371454043,2.26149856925,1,1,7,0.0068904525704617985,0.09288268543084555,12,204.5486460628482,94.38085793244437
Hagerstown | MD,40205,2,1,40205,14382225685.864376,0.2791483284036,1.8771099289299245,0,2,0,0,0,2,4,5270.13,12663394,0.026619003119999998,0.54757469814,4,1,7,0.1032859082250334,0.07113046045927095,13,14.235423691195058,12.832134002000327
Harlingen | TX,65436,1,7,1981399,473781140288.08655,16.5636358927968,6.012080553302558,8.18546608003389,12,14,9,31,8,7,288256.87,6475478.510359168,0.01301423958,0.018639358840000002,5,4,11,0.0158640126778946,0.017395878954393235,12,19.00065373309018,19.00065373309018
Harrisburg | PA,49229,2,3,171196,63481998244.40627,2.2909924339488,13.559152790541402,0,2,1,1,0,7,11,99982.88,26925050,0.05859436139,0.9835820073499999,11,1,9,0.15565920507490377,0.07577622551970009,13,18.09774819326269,9.83222295183122
Hartford | CT,122587,1,1,122587,951157528.0313401,0.2012085756612,0.48612378977272735,0,2,0,0,0,2,0,19709.88,0,0,0,0,0,5,0.01722365839225091,0.08998037811069237,12,20.788334615609244,20.788334615609244
Hemet | CA,85275,NA,NA,NA,NA,NA,NA,NA,NA,NA,NA,NA,NA,NA,NA,NA,NA,NA,NA,NA,NA,NA,NA,NA,NA,NA
Hickory | NC,40925,1,1,40925,3441528753.7744575,1.6177953636,1.5374214287405303,0,3,0,0,0,3,0,212824.32,0,0,0,0,0,7,0.025365745995711942,0.15869592634632362,12,17.83997803250717,17.83997803250717
High Point | NC,112316,1,1,112316,189399388.2786286,0,0.08626413030303029,0,1,0,0,0,0,0,0,0,0,0,0,0,6,0.024684431977559606,0.6328190743338008,9,7.576814861363657,7.576814861363657
Houma | LA,32864,2,1,32864,1630328573.9047105,6.1674e-5,0.15554604019886364,0,1,0,0,0,0,0,0,0,0,0,0,0,7,0.22958058944944468,0.07920639155281596,10,18.735910005725703,10.032341797958214
Houston | TX,2325502,2,3,4565557,50273665975.377014,10.1515924158516,7.326112080045574,0.00577922715099157,1,2,0,2,2,18,10485.380000000001,25375484.88112854,0.03070724592,0.50440966791,11,2,10,0.07326262202688191,0.1768837402663997,13,102.67287825205935,65.66924782442649
Huntington | WV,46048,1,4,459269,143957007765.97342,6.4658838304872,32.80488708132103,0,4,0,1,6,31,58,2684388.841692,246629226.3928969,0.5383610102,9.09727901168,35,3,8,0.09976807516884546,0.108197217476062,13,2.806008680924447,2.806008680924447
Huntsville | AL,197318,1,5,724605,66273265915.19114,16.7417831906952,25.208412765457798,0,4,0,0,0,44,10,9073762.692,53435881.632,0.08698115098,4.32304799689,5,4,9,0.05125137651087674,0.11299495257443672,13,16.925639863214876,16.925639863214876
Indianapolis | IN,867125,2,1,867125,4564338442.703377,0.11201108532000001,0.4279693359256629,0,1,0,0,4,0,2,0,184897.57317073172,1.7791427e-4,2.4605165e-4,2,1,7,0.6037272054235044,0.22753086060779573,11,13.02294691860174,7.3168443725411665
Jackson | MS,164422,1,1,164422,8538782058.933284,0.4751114440212,1.0549129918678977,0,1,0,0,0,0,2,0,649728.844621514,4.921033e-4,0.00266492864,2,1,8,0.018209232349436066,0.11216165500167896,12,8.001333775525097,8.001333775525097
Jacksonville | FL,903889,NA,NA,NA,NA,NA,NA,NA,NA,NA,NA,NA,NA,NA,NA,NA,NA,NA,NA,NA,NA,NA,NA,NA,NA,NA
Johnson City | TN,66778,1,1,66778,2086748907.2820938,0.7040875170372001,1.0389305674952651,0,3,0,0,0,3,0,134081.44,0,0,0,0,0,6,0.021242166886543536,0.10882359003957784,12,8.935911885187396,8.935911885187396
Kalamazoo | MI,76545,NA,NA,NA,NA,NA,NA,NA,NA,NA,NA,NA,NA,NA,NA,NA,NA,NA,NA,NA,NA,NA,NA,NA,NA,NA
Kansas City | MO,491918,1,10,3172486,1070527039070.6626,154.5778537835256,64.42611231925049,32.44460018800937,11,9,6,102,83,45,12479161.02,143851802.27953327,0.25517070269000003,9.65176965389,25,6,10,0.25434984016337525,0.025963055054886306,13,4.356051979775869,4.356051979775869
Kenosha | WI,100164,1,8,3892524,176351525672.11462,6.715791269676,31.754754206443096,0,2,4,5,27,88,48,1234261.0152943,83085321.80852039,0.09998781974,9.93110262861,39,2,10,0.25465477322724095,0.11823963576287418,13,437.05996609362256,437.05996609362256
Killeen | TX,149103,1,2,287286,9242997331.906132,0.7111911776964001,0.3927826536458333,0.0199789876000298,1,0,0,0,0,0,0,0,0,0,0,0,8,0.1372159492534928,0.08247782606290452,12,25.653975974496852,25.653975974496852
Kissimmee | FL,73597,NA,NA,NA,NA,NA,NA,NA,NA,NA,NA,NA,NA,NA,NA,NA,NA,NA,NA,NA,NA,NA,NA,NA,NA,NA
Knoxville | TN,187500,1,3,346730,23196027554.286827,5.0833251293172,8.782253139222302,0,3,0,0,0,13,4,1607072.462,8595013.632,0.01050829816,0.9841422480299999,4,4,7,0.039288660019987647,0.12170246970228112,13,5.942854377253792,5.942854377253792
Lafayette | IN,72168,NA,NA,NA,NA,NA,NA,NA,NA,NA,NA,NA,NA,NA,NA,NA,NA,NA,NA,NA,NA,NA,NA,NA,NA,NA
Lafayette | LA,126143,NA,NA,NA,NA,NA,NA,NA,NA,NA,NA,NA,NA,NA,NA,NA,NA,NA,NA,NA,NA,NA,NA,NA,NA,NA
Lake Charles | LA,78001,NA,NA,NA,NA,NA,NA,NA,NA,NA,NA,NA,NA,NA,NA,NA,NA,NA,NA,NA,NA,NA,NA,NA,NA,NA
Lakeland | FL,110516,NA,NA,NA,NA,NA,NA,NA,NA,NA,NA,NA,NA,NA,NA,NA,NA,NA,NA,NA,NA,NA,NA,NA,NA,NA
Lancaster | PA,59420,2,5,274734,68296709902.02274,2.4157442575368,14.757387326812555,0,2,1,1,0,8,14,231702.44,44892383.579,0.08829468825,2.38673128828,14,1,9,0.16720162761993065,0.0864011646104874,13,16.812021294165444,9.954549561066178
Lansing | MI,118427,NA,NA,NA,NA,NA,NA,NA,NA,NA,NA,NA,NA,NA,NA,NA,NA,NA,NA,NA,NA,NA,NA,NA,NA,NA
Laredo | TX,261639,1,4,1589138,362455013105.42883,13.2041043674436,4.1780069490234375,5.924828375830744,12,14,7,9,7,6,230393.5,5098126.62,0.01198460806,0.01732582157,4,4,9,0.014090484104591475,0.015099625827991306,12,6.144862694466087,6.144862694466087
Las Cruces | NM,102926,NA,NA,NA,NA,NA,NA,NA,NA,NA,NA,NA,NA,NA,NA,NA,NA,NA,NA,NA,NA,NA,NA,NA,NA,NA
Las Vegas | NV,644644,1,9,4764101,424276589465.3049,86.7167726850156,27.447284672363285,0.5225322419056702,15,7,28,28,77,28,9177088.689888999,127934520.1515264,0.32122232178,1.2822243584800002,17,8,9,0.01250953800409779,0.00970098975089332,13,40.76032677286326,40.76032677286326
Lexington | KY,323780,1,1,323780,13083029474.803984,0.6118407901272,2.077833791424006,0,3,0,0,0,2,2,70453.62,5170224,0.01170448772,0.15971401872,2,2,7,0.06848631403547988,0.09023429720997338,13,30.896728695676774,30.896728695676774
Lincoln | NE,287401,NA,NA,NA,NA,NA,NA,NA,NA,NA,NA,NA,NA,NA,NA,NA,NA,NA,NA,NA,NA,NA,NA,NA,NA,NA
Little Rock | AR,197881,2,1,197881,470917557.66675663,0.32654902824,0.15390612102272727,0,1,0,0,0,0,0,0,0,0,0,0,0,2,5.490860005948431e-4,0.052163170056510104,9,52.898603942141,36.365295889959526
Long Beach | CA,467354,18,29,14790722,492674702021.10254,130.7694117309876,40.770131315025736,0.9901310705903624,15,8,33,30,175,35,26627094.609889,131929894.7435264,0.32492823817,1.28731194952,22,11,10,0.01268758681006961,0.010982734466123243,13,873.0146668816682,405.1395051420582
Los Angeles | CA,3990456,30,29,14790722,499549819907.35455,131.2906174715076,42.185144610432936,0.9946672616419763,15,9,33,32,197,38,27284086.793889,132000903.91019307,0.32499637555,1.2873800869,23,11,10,0.012541007383205236,0.01106035800988564,13,843.1371412936694,331.1789448402101
Louisville | KY,620118,1,8,2598305,236070465858.82474,11.4807692109912,53.18799715309394,0,4,3,1,27,41,82,4033186.141692,338020952.4518969,0.7255192514200001,13.36088850075,49,6,8,0.1579703524741844,0.1117169116757211,13,7.906448232770766,7.906448232770766
Lubbock | TX,255885,1,2,455809,50943564873.48818,1.7396245920108,0.32581254346590904,0.5656981354383647,6,3,0,0,0,3,0,8893715,0.023730735290000003,0.03468949724,1,1,9,0.04548197385642671,0.013016095738856164,12,237.83743459442874,237.83743459442874
Macon | GA,153095,1,1,153095,5805354309.148783,0.6147440936772001,1.6095417210227272,0,1,0,0,0,3,1,67843.650125,24348774,0.06331476766000001,0.0926289827,1,1,8,0.017946689807170995,0.3019528640213794,13,3.4307898523720994,3.4307898523720994
Madison | WI,258054,NA,NA,NA,NA,NA,NA,NA,NA,NA,NA,NA,NA,NA,NA,NA,NA,NA,NA,NA,NA,NA,NA,NA,NA,NA
Manchester | NH,112525,1,1,112525,109098296.1329565,0.00509797284,0.10520083106060607,0,1,0,0,0,0,0,0,0,0,0,0,0,3,0.016216690042075738,0.17803295932678823,10,6.075417006622611,6.075417006622611
Marysville | WA,69779,1,1,69779,184192254.17849874,0.1890431448,0.46293498224431817,0,2,0,0,0,1,0,433581,0,0,0,0,0,0,0,0.015034695451040863,3,36.619033309803335,36.619033309803335
McAllen | TX,143433,1,6,1915963,472872374392.9576,16.5535391312436,6.001954613458807,7.6023005895049955,12,14,7,17,8,7,288256.87,6475478.510359168,0.01301423958,0.018639358840000002,5,4,10,0.015309351443572348,0.017260840754578243,12,12.622601381515205,12.622601381515205
Medford | OR,82347,1,1,82347,5288829679.052164,1.6720931532,2.606203020916193,1.917238007117254e-4,4,1,1,0,10,0,613070.32,0,0,0,0,0,6,0.0033121851091621572,0.042674006344467254,12,15.103179324761548,15.103179324761548
Memphis | TN,650618,NA,NA,NA,NA,NA,NA,NA,NA,NA,NA,NA,NA,NA,NA,NA,NA,NA,NA,NA,NA,NA,NA,NA,NA,NA
Merced | CA,83316,NA,NA,NA,NA,NA,NA,NA,NA,NA,NA,NA,NA,NA,NA,NA,NA,NA,NA,NA,NA,NA,NA,NA,NA,NA
Mesa | AZ,508958,5,17,11957517,486626699401.88947,92.90149960060201,29.11459222715287,0.8445801445387106,15,8,32,29,85,30,10897412.509889,131388350.1515264,0.32380018599,1.285525236,19,10,10,0.011151347604773274,0.010362304620279695,13,233.5189287926882,103.33721430900026
Miami | FL,470914,NA,NA,NA,NA,NA,NA,NA,NA,NA,NA,NA,NA,NA,NA,NA,NA,NA,NA,NA,NA,NA,NA,NA,NA,NA
Milwaukee | WI,592025,1,8,3892524,176351525672.11462,6.715791269676,31.754754206443096,0,2,4,5,27,88,48,1234261.0152943,83085321.80852039,0.09998781974,9.93110262861,39,2,10,0.25465477322724095,0.11823963576287418,13,397.4058855996576,397.4058855996576
Minneapolis | MN,425403,1,2,733098,50286221993.2293,4.0487994216,6.312980467489347,0,2,1,1,11,9,5,205409.83,26304142.397,0.06632416861,0.24721377087,3,1,10,0.24914541647252011,0.0675332531004634,13,17.57263181836796,17.57263181836796
Mission Viejo | CA,95202,8,24,13118856,454549492824.2596,93.08702513180761,29.014795775353626,0.8192219690600165,15,7,30,29,86,30,11258070.449889,131388350.1515264,0.32380018599,1.285525236,19,10,10,0.012403522547192297,0.010488877958816423,13,910.002501797912,263.2037280407971
Mobile | AL,189572,1,1,189572,263555635.58727813,0.12968562024,0.09726920681818181,0,1,0,0,0,0,0,0,0,0,0,0,0,6,0.020308692120227456,0.10928214117747659,9,28.433356748364243,28.433356748364243
Modesto | CA,215030,2,12,9409756,36958798236.34612,23.88809050812,5.939420767033618,11.692946380445616,9,0,1,53,45,5,7255763.35,1438343.2899068529,0.0013059664500000001,0.00179428434,5,2,10,0.2286747654971195,0.04447376162318311,13,47.401023594913816,31.72691941983102
Monroe | LA,47877,1,2,245758,40238481748.12329,7.365538306370401,10.771139387428978,0,1,1,1,0,5,10,364715.68,17676792.019605264,0.03453051002,0.09192868185,8,1,10,0.034222904361553064,0.07515763848241366,13,4.2214236385867006,4.2214236385867006
Montgomery | AL,198218,1,1,198218,12043026316.062271,3.7392433935756,4.20267722594105,0,1,0,0,0,4,0,763394.31,0,0,0,0,0,8,0.03133063613990603,0.08659202774256097,13,11.952616294014444,11.952616294014444
Murfreesboro | TN,141344,1,1,141344,2374267038.6367035,0.24969212292,0.6469330464015152,0,1,0,0,0,1,0,62361.75,0,0,0,0,0,8,0.055338761294322525,0.19816464409777623,13,41.81929024328152,41.81929024328152
Muskegon | MI,37287,1,8,3892524,176351525672.11462,6.715791269676,31.754754206443096,0,2,4,5,27,88,48,1234261.0152943,83085321.80852039,0.09998781974,9.93110262861,39,2,10,0.25465477322724095,0.11823963576287418,13,311.0515552994221,311.0515552994221
Myrtle Beach | SC,33908,3,4,669088,40672887779.26568,1.2665361908724,6.197718767237808,0,3,1,1,8,9,6,1002976,3619101.3171476508,0.00581438976,0.24731976235000003,6,4,10,0.17607835707912944,0.106564353833142,13,23.318107676527188,15.103985569633581
Nashua | NH,89246,1,4,1082231,10411940623.81218,1.2891697594452,4.261547293039772,0,2,1,0,0,51,3,380945.90799997,4498849,0.00410716985,0.39444729282,3,1,8,0.03383810443604722,0.10905024894748193,13,1.610877213426386,1.610877213426386
Nashville | TN,669053,1,1,669053,30387610685.350132,6.5880718288908,11.725633641290834,0,4,0,0,0,7,3,2339916.25,9957107,0.00941810008,1.3694099216,3,2,8,0.07436000487669338,0.08923391967065308,13,14.564655652801003,14.564655652801003
New Bedford | MA,95315,3,1,95315,113299351.02731395,0.0694838896332,0.23773604166666668,0,2,0,0,0,0,0,0,0,0,0,0,0,5,0.04365447943933125,0.2098285907287005,11,25.674714371564512,14.506814998846592
New Haven | CT,130418,9,1,130418,334749550.3885119,0.09633095187719999,0.6504476784090909,0,1,0,0,0,0,0,0,0,0,0,0,0,4,0.02138343000606008,0.29988745563154706,12,26.178039099506236,13.834297024653871
New Orleans | LA,391006,1,50,13443729,3181915353631.458,314.9775334049652,543.4273854278663,96.491717556468,12,20,11,371,349,423,46673755.649419,1370812865.3081527,2.59550043519,75.58328525541,223,18,11,0.29099165626757406,0.057800744401802114,13,16.739511223684612,16.739511223684612
New York | NY,8398748,8,1,8398748,5203879926.454388,2.343815277504,2.048932590530303,0,2,0,0,4,5,0,157666.03,0,0,0,0,0,7,0.04730159933297961,0.08224816190404002,13,191.50963674181048,130.7114731593111
Newark | NJ,282090,1,1,282090,930110050.9325497,0.96017598618,0.49259545018939394,0,2,0,0,0,0,0,0,0,0,0,0,0,6,0.0012848335654671288,0.21080987702307302,12,26.98000059219234,26.98000059219234
Norfolk | VA,244076,5,2,694265,233140586.13916206,2.3189424e-4,0.33243261363636367,0,1,1,1,0,0,0,0,0,0,0,0,0,7,0.24290319691949494,0.22660517596489657,11,26.499934391721947,14.75098468651639
Oakland | CA,429082,4,2,550725,1847596482.7734938,0.4828519134,0.6096180894886364,0.0023955773138737055,4,0,0,0,7,0,1023739.75,0,0,0,0,0,5,2.8717186391432145e-4,0.049083865445904706,11,118.01478848602642,41.224589782923495
Ocala | FL,60429,NA,NA,NA,NA,NA,NA,NA,NA,NA,NA,NA,NA,NA,NA,NA,NA,NA,NA,NA,NA,NA,NA,NA,NA,NA
Odessa | TX,120568,2,2,243567,65147363594.91931,2.53471135596,0.3554138049242424,1.0284202318421352,3,3,11,0,0,8,0,6682069.905137421,0.00914933597,0.01267733809,7,2,8,0.22597831079020123,0.04846964476414999,12,260.76956783878785,201.81399379071064
Oklahoma City | OK,649021,4,1,649021,35573823520.59432,0.77809028532,0.27234551041666666,2.0955626039254196,4,1,2,0,0,1,0,362826,0.00112805218,0.00164665335,1,1,9,0.31193824840267564,0.049251351232654325,12,193.4342535697806,61.703397615455394
Omaha | NE,468262,2,9,2680568,1033093806593.097,154.1508265969524,58.521552104182206,31.845615959717556,11,9,6,102,83,38,12479161.02,121892630.27953327,0.23397240669000002,6.45030835672,22,6,10,0.24024342337056215,0.02426047169657627,13,28.028692344707885,14.738740128299716
Orlando | FL,285713,NA,NA,NA,NA,NA,NA,NA,NA,NA,NA,NA,NA,NA,NA,NA,NA,NA,NA,NA,NA,NA,NA,NA,NA,NA
Oxnard | CA,209877,9,24,13118856,454559073235.8379,93.10059341180761,29.022591240505143,0.8192219690600165,15,7,30,29,86,30,11258070.449889,131388350.1515264,0.32380018599,1.285525236,19,10,10,0.012403251789172698,0.010499085972451786,13,791.3696099629846,297.97323194521766
Panama (USA) | FL,36908,1,0,0,677829704.0898764,7.462554e-4,0.10964465946969697,0,1,0,0,1,0,0,0,0,0,0,0,0,7,0.014974396981538875,0.10219310066028837,10,18.84308185731774,18.84308185731774
Pensacola | FL,52713,NA,NA,NA,NA,NA,NA,NA,NA,NA,NA,NA,NA,NA,NA,NA,NA,NA,NA,NA,NA,NA,NA,NA,NA,NA
Peoria | IL,111388,1,1,111388,35273918235.319824,0.21547168728,3.3760627170040243,0,2,7,3,21,4,14,89727.21,73515074.28833333,0.14795274984999998,3.6302460441,8,2,8,0.6389947455850794,0.17107034642065264,13,3.5527291022329655,3.5527291022329655
Philadelphia | PA,1584138,2,4,10155355,25000112208.248886,2.1675903211812,7.8736467328124995,0,2,1,1,2,10,16,245406.27,23756209.84920997,0.04310446367,0.74717179662,14,1,8,0.1128719023372938,0.1799513819618756,13,15.865748085080849,9.745459362609335
Phoenix | AZ,1660272,5,17,11957517,486626699401.88947,92.90149960060201,29.11459222715287,0.8445801445387106,15,8,32,29,85,30,10897412.509889,131388350.1515264,0.32380018599,1.285525236,19,10,10,0.011151347604773274,0.010362304620279695,13,212.08022222006286,103.00015297526478
Pittsburgh | PA,301048,1,1,301048,30276379186.243263,1.3985495605596001,7.7133972975364,0,2,2,1,1,8,14,377474.74,47815257.82523022,0.11762025952,0.70095951134,12,2,8,0.11566348547248748,0.08389454776878608,13,2.627287768439394,2.627287768439394
Port Arthur | TX,55018,2,3,279175,25875566080.918922,4.4947168979856,4.301299855667023,1.8585256320504084e-4,1,4,3,24,2,4,109323.56,5807360,0.00908876941,0.43216511806,4,2,8,0.004237971464384383,0.09799381181939844,12,8.471296195475054,6.136067161071314
Port Saint Lucie | FL,195248,NA,NA,NA,NA,NA,NA,NA,NA,NA,NA,NA,NA,NA,NA,NA,NA,NA,NA,NA,NA,NA,NA,NA,NA,NA
Portland | ME,66417,1,1,66417,1139288673.0645223,0.05517232692,0.2988098911931818,0,1,0,0,0,0,0,0,0,0,0,0,0,4,0.02464182900114984,0.06957791635542648,11,21.932432452513986,21.932432452513986
Portland | OR,653115,1,1,653115,280752568.99432087,0.09700086720000001,0.30946003125000004,0,4,0,0,0,1,0,55954.44,0,0,0,0,0,0,0,0.00445294719134479,4,40.923236324314225,40.923236324314225
Providence | RI,179335,1,1,179335,275608057.80873704,0.15822711396,0.10504151515151515,0,1,0,0,0,0,0,0,0,0,0,0,0,5,0.028304243851947034,0.10918370989042367,10,15.578504559327174,15.578504559327174
Pueblo | CO,111750,2,3,958552,12564586810.279682,1.08506028552,0.6729889961647728,0.0013425743307618288,6,5,2,1,7,1,25097.199999999997,266883,6.8894462e-4,0.00101070447,1,1,6,0.01464198351402607,0.019860792882563462,13,229.04027586609712,119.22282685018345
Racine | WI,77432,1,8,3892524,176351525672.11462,6.715791269676,31.754754206443096,0,2,4,5,27,88,48,1234261.0152943,83085321.80852039,0.09998781974,9.93110262861,39,2,10,0.25465477322724095,0.11823963576287418,13,419.9307603339624,419.9307603339624
Raleigh | NC,469298,1,2,743589,1987851559.795617,0.14195011188,0.2130233958806818,0,1,0,0,0,0,0,0,0,0,0,0,0,8,0.09392668740700663,0.1669958068443122,12,18.71396520435897,18.71396520435897
Reading | PA,88495,1,1,88495,566546932.184561,0.01712193588,0.10600439943181819,0,2,0,0,0,0,1,0,937865.5467032967,7.0030085e-4,8.9714217e-4,1,1,8,0.38752420028063445,0.12950036411431412,11,10.669864902615688,10.669864902615688
Redding | CA,91772,2,5,6308283,19738671170.44001,7.149316811267999,4.324116772111743,0.14645467666383857,5,0,1,1,30,2,6276018.56,194108,4.0503887000000003e-4,6.435197e-4,2,1,8,0.026803899528638504,0.014386888044242846,12,15.357942726705922,9.014653938280848
Reno | NV,250998,1,1,250998,2274651652.6473374,1.62039553944,0.5911976908143939,3.404680503144192e-4,3,0,0,0,1,0,10470.62,0,0,0,0,0,2,1.5902151788310556e-4,0.050914146554230884,12,27.93637169302023,27.93637169302023
Richmond | VA,228783,1,1,228783,17563542065.019295,0.4005616026888,1.995351427491714,0,4,0,0,0,11,4,59705.38,2841430.6073375526,0.00262707454,0.26157561641,4,1,7,0.07947935108573906,0.07966000650359505,13,7.4029259706701165,7.4029259706701165
Roanoke | VA,99920,3,1,99920,767238989.4098237,0.03770871708,0.19700183049242423,0,3,0,0,0,0,0,0,0,0,0,0,0,7,0.051362972354676004,0.10331854138529808,11,19.621248808737,12.901856609245954
Rochester | NY,206284,2,21,6743441,768029260898.6945,355.503486006732,111.19537964762979,0,2,6,6,59,199,110,17633339.7127963,229736805.43700057,0.31864824298,23.14246743436,82,3,10,0.2587475823912628,0.11675663810357985,13,207.7079056125256,124.73630522369814
Rockford | IL,146526,NA,NA,NA,NA,NA,NA,NA,NA,NA,NA,NA,NA,NA,NA,NA,NA,NA,NA,NA,NA,NA,NA,NA,NA,NA
Sacramento | CA,508529,1,12,7590307,67101449134.729965,37.64842889478,19.22569333245739,7.042746436533231,5,0,1,1,144,13,16675784.7348393,1560211.4308335704,0.00294504898,0.00764274279,9,3,10,0.09463282628668876,0.043546463905138555,13,0.6418243050960254,0.6418243050960254
Saginaw | MI,48323,1,10,4026731,577407104445.2272,352.066810656276,73.54048119073153,0,2,5,8,41,125,65,2249083.2952943,96225662.7308355,0.11290742407,11.54557242279,51,2,10,0.20320003718675778,0.09937732881835408,13,131.80152604369147,131.80152604369147
Saint Louis | MO,302838,1,21,5248440,1776481201303.7544,181.501329163746,189.9374657555524,58.64110815333838,11,14,7,157,197,160,16483302.815727,432111686.24919057,0.8176069204899999,24.91460334045,88,9,11,0.33876675067714757,0.04419338933712922,13,12.816981913520584,12.816981913520584
Saint Paul | MN,307695,1,2,733098,50286221993.2293,4.0487994216,6.312980467489347,0,2,1,1,11,9,5,205409.83,26304142.397,0.06632416861,0.24721377087,3,1,10,0.24914541647252011,0.0675332531004634,13,26.183205150016605,26.183205150016605
Saint Petersburg | FL,265098,2,2,657988,2487142250.9240522,0.59122299924,0.28075022637310604,0,1,0,0,1,0,1,0,528167.6581835842,0.00108641267,0.02443860696,1,1,5,0.03914317117236109,0.2709643333915119,13,52.383805100819224,44.1264937858844
Salem | OR,173442,1,1,173442,1786799275.9038115,0.19453953168,1.2261578159623583,2.507299768663528e-4,3,0,0,0,2,0,367469.56,0,0,0,0,0,7,0.008685738526393934,0.01596097250576663,12,29.15033804696027,29.15033804696027
Salinas | CA,156259,NA,NA,NA,NA,NA,NA,NA,NA,NA,NA,NA,NA,NA,NA,NA,NA,NA,NA,NA,NA,NA,NA,NA,NA,NA
Salt Lake City | UT,200591,1,1,200591,8400520782.387297,2.4164200935636,0.8104233783854166,0.12417173262344154,7,7,3,2,19,2,120960.39,2424749.5,0.00181321139,0.00231667092,2,1,7,0.058148517151987815,0.1147192387653537,13,2.3210042671213085,2.3210042671213085
San Antonio | TX,1532233,2,1,1532233,6029329270.814078,1.2707495611956,0.4845318942234848,4.1378283265028565e-4,1,0,0,0,2,0,23851.620000000003,0,0,0,0,0,7,0.009041930373692306,0.08527845166030198,12,48.59518775263548,46.50805830245886
San Diego | CA,1425976,25,29,14790722,495121262749.12415,131.5235607862476,41.102969361995434,0.9911653306167384,15,8,33,30,176,36,26627094.609889,132252807.7435264,0.325166719,1.28761856773,23,11,10,0.012630019423709522,0.01152869398445301,13,1022.2266818424545,376.68268702947853
San Francisco | CA,883305,5,2,1913424,4510913022.310524,11.20296615288,1.5652668062026514,0.008155310910990768,4,0,0,0,6,1,1885119.1199999999,40645.91,8.327902e-5,1.3248935e-4,1,1,3,3.030084073178861e-5,0.024548342660553665,12,174.13376398359128,67.90604477553528
San Jose | CA,1030119,19,10,8664633,4520783844.826199,6.46063643388,1.3707021786458333,0.23545214032130574,5,0,1,0,5,0,1520718.31,0,0,0,0,0,9,0.05132592354522984,0.04289569031494297,12,196.08974076964782,64.06612913267861
Santa Ana | CA,332725,18,29,14790722,492674702021.10254,130.7694117309876,40.770131315025736,0.9901310705903624,15,8,33,30,175,35,26627094.609889,131929894.7435264,0.32492823817,1.28731194952,22,11,10,0.01268758681006961,0.010982734466123243,13,889.1171278964075,407.52236151782535
Santa Barbara | CA,91350,5,17,9077696,13227887133.42243,14.7514525182,4.166009117518939,0.24132092541360767,5,0,1,0,28,3,4648982.38,347436.592,7.230133100000001e-4,0.00114319382,2,2,9,0.02237529572594086,0.02174014819068783,12,750.477393620932,421.5381218357866
Santa Clarita | CA,210089,8,17,9077696,13451089848.901373,15.266113413840001,4.3715290792613635,0.24056033698048876,5,1,2,0,32,3,5131725.13,347436.592,7.230133100000001e-4,0.00114319382,2,2,9,0.021994213664653473,0.023898178915944653,12,792.6448118720248,318.788881857945
Santa Cruz | CA,64725,2,1,64725,373836752.1591766,0.01109021868,0.15556826268939394,0.0011074814161980103,1,0,0,0,0,0,0,0,0,0,0,0,1,5.6463679738008527e-5,0.2092826289489286,13,10.501388638132665,5.567366952918466
Santa Fe | NM,84612,2,1,84612,36569601854.78413,2.2081246942451997,2.061215537038352,1.4147218762948193,7,6,3,4,3,0,56711.06,0,0,0,0,0,7,0.0466106294083555,0.012159154707477847,12,25.209198487860352,17.182222610315392
Santa Maria | CA,107408,4,17,9077696,12130776326.181515,14.518698542640001,4.085098145170455,0.23976507721142742,5,0,1,0,28,3,4648982.38,347436.592,7.230133100000001e-4,0.00114319382,2,2,9,0.024237008151217265,0.022090882010453058,12,672.9280870433576,442.3335246125433
Santa Rosa | CA,177586,2,1,177586,4253732408.87297,0.51784080708,0.7893206759588067,0.12179198813788646,2,0,0,0,6,4,22063.690000000002,2828038.6741186585,0.01921095575,0.01921095575,1,1,7,0.052902743982056605,0.10250089692555885,12,110.07461057947688,64.12980980634046
Savannah | GA,145862,NA,NA,NA,NA,NA,NA,NA,NA,NA,NA,NA,NA,NA,NA,NA,NA,NA,NA,NA,NA,NA,NA,NA,NA,NA
Scranton | PA,77182,3,1,77182,43193131.99761701,0.013658324040000001,0.1219647909090909,0,1,0,0,0,0,0,0,0,0,0,0,0,3,0.06044075932795112,0.1557931485926249,9,8.682952360613772,7.036998825921987
Seattle | WA,744955,2,1,744955,400030743.4506445,0.208334772,0.6722569334753787,0,3,0,0,0,1,0,73668.44,0,0,0,0,0,1,2.22995272500223e-5,0.07601908839532602,7,48.461821441056024,42.87228390354994
Shreveport | LA,188987,2,2,838008,148113193109.0671,19.4297219344572,14.707197241724375,1.6000869287969384,2,0,3,15,3,13,314226.13,15673714.085804598,0.02885618043,0.16533913798,10,3,10,0.1888522358221244,0.05921951689105459,13,4.183066053832295,3.461982457482597
Simi Valley | CA,125851,12,27,14387772,465262571668.5297,105.2204854248876,32.30217207367276,0.8293862781771033,15,8,32,29,112,33,15905936.449888999,131735786.7435264,0.3245231993,1.28666842982,21,11,10,0.012260620786272498,0.010583637770576675,13,799.8548208246823,292.29905157032584
Sioux City | IA,82396,1,3,373829,791621919680.986,136.9635486064632,45.40915676831943,7.215505118399278,9,1,2,53,42,14,10704642.89,48280734,0.1095876195,1.46728169715,9,4,10,0.23414694201245326,0.020102180964037573,13,1.4684155208137697,1.4684155208137697
Sioux Falls | SD,181883,1,1,181883,11478194565.524933,0.00778757598,0.10158677784090908,0.13387063715192193,4,0,0,0,0,0,0,0,0,0,0,0,8,0.6536911242258531,0.05652823996368225,13,3.5751934952614097,3.5751934952614097
South Bend | IN,101860,NA,NA,NA,NA,NA,NA,NA,NA,NA,NA,NA,NA,NA,NA,NA,NA,NA,NA,NA,NA,NA,NA,NA,NA,NA
Spartanburg | SC,37644,1,1,37644,721849406.8529415,0.03785303424,0.10466541979166666,0,1,0,0,0,1,0,1371.76,0,0,0,0,0,8,0.03641330451488953,0.17331592219020173,11,12.767638694255584,12.767638694255584
Spokane | WA,219190,NA,NA,NA,NA,NA,NA,NA,NA,NA,NA,NA,NA,NA,NA,NA,NA,NA,NA,NA,NA,NA,NA,NA,NA,NA
Springfield | IL,114694,2,1,114694,8146420448.817659,5.6493384e-4,0.19775431665482957,0,1,0,0,0,0,7,0,12695020,0.02638809311,0.5709268924299999,4,2,7,0.7977089224141193,0.09573314230510202,13,7.715217017344338,6.329272399266937
Springfield | MA,155032,1,1,155032,116813694.26496434,0.092572674,0.10374633068181818,0,1,0,0,0,1,0,22568.31,0,0,0,0,0,3,0.021239525429353687,0.05235211150750851,7,23.870019429726057,23.870019429726057
Springfield | MO,168122,2,1,168122,3661685584.103735,1.139733176388,0.8385739514914774,8.724265921929181e-4,1,0,0,0,1,0,39935.75,0,0,0,0,0,7,0.04066158868335147,0.09395429815016322,12,72.6661381872911,40.05464040158777
Stockton | CA,311178,2,5,6527689,3305682311.8882523,4.11296875164,0.9959511479876892,0.0048133556678515614,4,0,0,0,15,0,2124408.5300000003,0,0,0,0,0,3,1.7417961401797533e-4,0.024385145962516546,12,65.9276710572489,55.73564430697149
Syracuse | NY,142749,2,21,6743441,768042777801.0702,355.470106804452,111.19673891656919,0,2,6,6,59,199,110,17633339.7127963,229736805.43700057,0.31864824298,23.14246743436,82,3,10,0.25883178235401827,0.11675201457729156,13,162.6767145874593,94.13431790090193
Tallahassee | FL,193551,NA,NA,NA,NA,NA,NA,NA,NA,NA,NA,NA,NA,NA,NA,NA,NA,NA,NA,NA,NA,NA,NA,NA,NA,NA
Tampa | FL,392890,2,2,657988,2487142250.9240522,0.59122299924,0.28075022637310604,0,1,0,0,1,0,1,0,528167.6581835842,0.00108641267,0.02443860696,1,1,5,0.03914317117236109,0.2709643333915119,13,30.620928618121518,19.09992441134263
Thousand Oaks | CA,127690,3,14,7808780,2711282422.9664803,3.1326531207599997,1.080268483972538,0.23039602786340196,5,0,0,0,5,0,465371.44,0,0,0,0,0,9,0.08329059700141785,0.05905155509970135,12,801.8097268929378,472.74970502887703
Toledo | OH,274975,1,19,6394408,683735914925.5853,352.67065980349196,94.03067662862881,0,2,6,5,54,131,94,2273115.1252943,193344500.2212556,0.24837967715,21.09156636505,67,3,10,0.2587792074691759,0.12137325148794147,13,402.10110044404735,402.10110044404735
Topeka | KS,125904,1,1,125904,146466379738.66324,4.2397607881524,3.8363519533025574,20.932604827794663,3,2,3,1,0,4,0,14812320,0.038066082960000004,0.05565688323,4,1,9,0.47641007236726396,0.03833044446073347,13,3.1372860828735485,3.1372860828735485
Trenton | NJ,83974,1,2,8482722,17746818771.95931,1.99078553058,6.604675203959518,0,2,1,1,2,9,7,245334.27,5754781.552506676,0.00841875184,0.30553179732999997,6,1,8,0.08430963410692718,0.12527400872065003,13,1.8835333606958449,1.8835333606958449
Tucson | AZ,545975,2,17,11957517,455311108664.215,89.9157138844116,28.008933817138665,0.6017787675512273,15,7,30,29,80,30,10749467.069889,131388350.1515264,0.32380018599,1.285525236,19,10,9,0.011874069876627388,0.010190091328079458,13,374.0827797525057,295.86107192477584
Tulsa | OK,400669,3,1,400669,12322433451.558016,2.1176017186308,2.023778679142992,0.0015395963001269214,2,0,0,0,0,1,0,8454176.353190871,0.01991882742,0.02893188863,1,1,8,0.12926502280142657,0.06521829152352869,13,87.38138526241407,66.23364475988564
Tuscaloosa | AL,101113,1,1,209880,11312538931.213644,2.3026820499,3.5248834474905304,0,1,0,0,0,3,3,519715,29212923.26,0.06308007224,1.15423964638,2,1,9,0.025835985696883963,0.1196088254941255,13,7.944445607705889,7.944445607705889
Tyler | TX,105729,3,1,105729,2561992048.2982216,0.6322080735612,0.6137558044034092,2.120725408888354e-5,1,0,0,0,0,0,0,0,0,0,0,0,6,0.006068227026174432,0.12941315644195972,11,36.67464192091504,26.771285788843002
Utica | NY,60100,1,1,60100,963031972.0979552,0.093991176,0.4481890313210227,0,1,0,0,0,1,0,31110.44,0,0,0,0,0,6,0.003654202332682585,0.014006107023076537,7,24.434202780554685,24.434202780554685
Vallejo | CA,121913,3,10,6990006,12404003791.451097,8.4540207711372,3.7227058382812497,0.7481789093247715,4,2,3,7,24,5,4287219.51,510074.592,0.00182456762,0.00224474813,3,2,9,0.06532445067905379,0.023631887364349406,12,172.01379642815075,81.87695104709334
Virginia Beach | VA,450189,2,4,1088907,22167313478.34601,5.435214783012,5.3509474007516555,0,4,1,1,0,14,8,1426928.0945002001,43427287,0.07596939328999999,3.1375635763700003,4,4,9,0.12376754504217781,0.08567319667921489,12,155.88063151608262,104.61630449520632
Visalia | CA,133800,NA,NA,NA,NA,NA,NA,NA,NA,NA,NA,NA,NA,NA,NA,NA,NA,NA,NA,NA,NA,NA,NA,NA,NA,NA
Waco | TX,138183,2,2,287286,13533803622.270077,0.9205534385364,0.7149480429924242,0.020959743055486934,1,0,0,0,0,0,0,0,0,0,0,0,8,0.13078804815313672,0.08278344935234955,13,58.86761373632903,32.87730682105594
Washington | D.C.,702455,1,3,814806,30094831113.559654,0.3660001098288,3.040203033824574,0,3,0,0,0,11,6,31477.32,15729207,0.02988959736,0.92496871891,6,1,7,0.16644213794657484,0.11419929302829684,13,6.551598800541693,6.551598800541693
Waterbury | CT,108093,2,1,108093,162441605.62557793,0.0411858972,0.18391077007575757,0,1,0,0,0,0,0,0,0,0,0,0,0,4,0.1005249970170624,0.07684047249731536,7,26.491806131952636,19.388155593744116
Waterloo | IA,67798,1,1,67798,13197877338.196789,0.04830184332,0.3687551355942235,0,2,0,0,0,4,5,7394,1954535.054,0.00205547763,0.0061323642000000005,5,1,8,0.7876328932954566,0.07380753448820067,13,1.6772993869189328,1.6772993869189328
Wichita | KS,389255,1,1,389255,2573442217.0878077,0.20696190876,0.07918489507575757,0.162965222373395,1,0,0,0,0,0,0,0,0,0,0,0,8,0.49927678352537386,0.04868431805181008,10,40.56281649735352,40.56281649735352
Wilmington | NC,122607,1,5,1013404,18366971475.09069,0.324712129824,2.203365905557528,0,1,1,2,14,10,3,26511.6,7914890.813326302,0.02010809792,0.032914139950000004,3,2,9,0.13852751566203886,0.13895083811305206,13,11.008092453552388,11.008092453552388
Winston-Salem | NC,246328,2,1,246328,5157399210.3315115,0.055663807025999996,0.7213166191761364,0,3,0,0,0,0,0,0,0,0,0,0,0,7,0.1265116939110691,0.1057408369697463,12,18.662296340551155,10.983069508298112
Winter Haven | FL,43020,NA,NA,NA,NA,NA,NA,NA,NA,NA,NA,NA,NA,NA,NA,NA,NA,NA,NA,NA,NA,NA,NA,NA,NA,NA
Worcester | MA,185877,3,2,880460,367616691.5699439,0.72734738508,0.3501290253787879,0,1,1,0,0,2,0,13816.82,0,0,0,0,0,5,0.04703481901531613,0.15485717314113095,12,19.065158315986306,10.266879354521345
Yakima | WA,93884,1,1,93884,2888275338.656955,0.2919454490424,0.64175024765625,0.07355338431918507,4,0,0,0,2,0,55959,0,0,0,0,0,6,0.03618918413470225,0.03131725840858879,12,3.6347944059478077,3.6347944059478077
York | PA,44118,1,4,215314,66813544404.029015,2.4125451038088,14.573491407666756,0,2,1,1,0,8,14,231702.44,44892383.579,0.08829468825,2.38673128828,14,1,9,0.16246974998653377,0.08361579755700446,13,13.22959787577449,13.22959787577449
Youngstown | OH,64958,1,1,64958,190250686.6312387,0.0449571266172,0.07827052765151515,0,2,0,0,0,0,0,0,0,0,0,0,0,6,0.13192404532102392,0.2624842635333613,10,12.295161910974386,12.295161910974386
